{"cameraMode":{"drawMode":0,"name":"Shaded","section":"Shading Mode"},"sceneLighting":true,"audioPlay":false,"sceneViewState":{"m_AlwaysRefresh":false,"showFog":true,"showSkybox":true,"showFlares":true,"showImageEffects":true,"showParticleSystems":true,"showVisualEffectGraphs":true,"m_FxEnabled":true},"in2DMode":false,"pivot":{"x":-0.1632469892501831,"y":7.167747497558594,"z":-1.8804900646209717},"rotation":{"x":-0.6587665677070618,"y":-0.05804116278886795,"z":0.051092375069856647,"w":-0.7483651638031006},"size":3.111579418182373,"orthographic":false}